id;title;author;description
1;Table Fish;Dynamic programming;forecast
2;Agent;compress state mobile;high-level
3;경북 Borders;calculating 면;ADP synthesizing Developer
4;Representative parsing;calculating;Soft Books
5;Loan 면 violet;ivory lime;Bacon optical blockchains
6;Fish 면;Australian panel;navigating Ergonomic Territory
7;backing deposit;CSS navigate;indigo Account drive
8;Personal;Web Books transmitter;next-generation
9;Table Sleek input;payment salmon;interface
10;functionalities Supervisor alarm;Toys;and solid
